curve,dims,m0,m1,m2,total_points,method,WL_inf,WL_2,WL_1,WBA,WBP
Hamilton-CHI,2,9,9,0,262144,sampled_10000,4.747406,4.794099,8.041483,2.286991,2.332999
LC-CHI-BRGC,2,9,9,0,262144,sampled_10000,4.747406,4.794099,8.041483,2.286991,2.332999
Hamilton-CHI,2,11,7,0,262144,sampled_10000,442.225000,814.325000,1625.625000,435.200000,435.600000
LC-CHI-BRGC,2,11,7,0,262144,sampled_10000,4.747406,4.794099,8.041483,2.286991,2.332574
Hamilton-CHI,2,12,6,0,262144,sampled_10000,384.400000,756.500000,1512.900000,416.000000,416.025000
LC-CHI-BRGC,2,12,6,0,262144,sampled_10000,7.621027,7.635174,8.927267,2.286991,2.533282
Hamilton-CHI,2,13,5,0,262144,sampled_10000,512.000000,992.500000,1984.500000,528.000000,528.125000
LC-CHI-BRGC,2,13,5,0,262144,sampled_10000,26.193137,26.193482,27.443575,2.332574,7.212800
